{"menu_uid":"lxioktw7ihe843rqlv","products":[{"uid":"lxionor2i67u95umdf","name":"latte","options":[{"size":"1","price":"450","salePrice":""}],"categoryId":"lxiolgcq9gmka5api1","description":"","imageUrl":"https://www.foodandwine.com/thmb/d1vuaANhp__L9IxFoHFzGQCLs6k=/750x0/filters:no_upscale():max_bytes(150000):strip_icc():format(webp)/Partners-Latte-FT-BLOG0523-09569880de524fe487831d95184495cc.jpg","tags":[],"allergens":[],"inStock":null},{"uid":"lxiopbwynnzai4l8j7","name":"greek","options":[{"size":"1","price":"220","salePrice":""}],"categoryId":"lxiol8d9sr02deepfm","description":"","imageUrl":"https://i.postimg.cc/6Q81PvLn/IMG-5771.jpg","tags":[],"allergens":[],"inStock":null},{"uid":"lxirp4244664ll1r2f","name":"Cheesecake \"Sneakers\" ","options":[{"size":"","price":"300","salePrice":""}],"categoryId":"lxirgkail1l221d4yk","description":"Sneakers, Sour Creem,.....","imageUrl":"https://i.postimg.cc/Ssw2BGWq/A4-F9-FBF0-BE66-4-FCF-AD19-8-FE64688-ADF1.jpg","tags":[],"allergens":[],"inStock":null},{"uid":"lxirw7i4sebbtxkrld","name":"Beef Soup","options":[{"size":"","price":"240","salePrice":""}],"categoryId":"lxirfr8zw0o2bvwb89","description":"Beef, Potatoes,..\n","imageUrl":"https://i.postimg.cc/JzZs5TSk/IMG-5766.jpg","tags":[],"allergens":[],"inStock":null},{"uid":"lxirxflzyz6uhchu7kf","name":"Chicken Soup","options":[{"size":"","price":"190","salePrice":""}],"categoryId":"lxirfr8zw0o2bvwb89","description":"Chicken, Onions,...","imageUrl":"","tags":[],"allergens":[],"inStock":null},{"uid":"lxiryb4qfekny4uqv1","name":"Lentil Soup","options":[{"size":"","price":"180","salePrice":""}],"categoryId":"lxirfr8zw0o2bvwb89","description":"Lentils, Veggies,...","imageUrl":"","tags":[],"allergens":[],"inStock":null},{"uid":"lxis04o5c78tz3s9b8v","name":"Meatballs","options":[{"size":"","price":"230","salePrice":""}],"categoryId":"lxirfr8zw0o2bvwb89","description":"Meatballs, Potatoes, paper","imageUrl":"https://i.postimg.cc/4N3vwT1h/IMG-5763.jpg","tags":[],"allergens":[],"inStock":null},{"uid":"lxis6fdoggak2jfylj7","name":"Okroshka","options":[{"size":"","price":"210","salePrice":""}],"categoryId":"lxirfr8zw0o2bvwb89","description":"Cold Soup of Russian Origin: Raw vegetables, Eggs, Meat( beef, veal, sausages), Kvass, Sour cream.","imageUrl":"","tags":[],"allergens":[],"inStock":null},{"uid":"lxisclukts9th9f13w8","name":"Legman(Boso/ fried)","options":[{"size":"","price":"320","salePrice":""}],"categoryId":"lxirg1amolyh168lws","description":"Noodles, Beef, vegetables,...","imageUrl":"https://i.postimg.cc/RZhBMqLV/63-E2-E44-A-EF61-4-FCD-B0-B6-99-EB1969-C383.jpg","tags":[],"allergens":[],"inStock":null},{"uid":"lxisdkgx1afuvb4n0vy","name":"Legman(guro/ boilled)","options":[{"size":"","price":"270","salePrice":""}],"categoryId":"lxirg1amolyh168lws","description":"Noodles, Beef, vegetables,...","imageUrl":"","tags":[],"allergens":[],"inStock":null},{"uid":"lxisf7k9e4rtywinr1t","name":"Kuurdak ","options":[{"size":"","price":"400","salePrice":""}],"categoryId":"lxirg1amolyh168lws","description":"beef, potatoes, onions,...","imageUrl":"https://i.postimg.cc/Mp9pDhdX/33095-ED4-6-C23-4695-9-FD6-FC2-D453-A04-C6.jpg","tags":[],"allergens":[],"inStock":null},{"uid":"lxisgy53cvywtp5cfum","name":"Manty","options":[{"size":"","price":"260","salePrice":""}],"categoryId":"lxirg1amolyh168lws","description":"Meat, Onions,..","imageUrl":"https://i.postimg.cc/k5MtMQhR/IMG-5765.jpg","tags":[],"allergens":[],"inStock":null},{"uid":"lxisj5qveqd23rxrro7","name":"Chicken in sweet and sour sauce ","options":[{"size":"","price":"380","salePrice":""}],"categoryId":"lxirg1amolyh168lws","description":"Fried Chicken with Sweet and Sour Sauce","imageUrl":"https://i.postimg.cc/HnbL9nhC/80559-FFC-BE17-4267-8252-5-C3-A9-BE268-F0.jpg","tags":[],"allergens":[],"inStock":null},{"uid":"lxisjqfayhz7aud0f6q","name":"Chicken with Vegetables","options":[{"size":"","price":"300","salePrice":""}],"categoryId":"lxirg1amolyh168lws","description":"","imageUrl":"https://i.postimg.cc/66C6S7Yk/IMG-5762.jpg","tags":[],"allergens":[],"inStock":null},{"uid":"lxislh9exsc4xampq7","name":"Chinese","options":[{"size":"","price":"250","salePrice":""}],"categoryId":"lxiol8d9sr02deepfm","description":"","imageUrl":"","tags":[],"allergens":[],"inStock":null},{"uid":"lxislzakgxxpf91diq","name":"Ceasar","options":[{"size":"","price":"270","salePrice":""}],"categoryId":"lxiol8d9sr02deepfm","description":"","imageUrl":"https://i.postimg.cc/QCK8xC3T/IMG-5772.jpg","tags":[],"allergens":[],"inStock":null},{"uid":"lxisn6dti4i8s5yp9lh","name":"Crispy eggplants","options":[{"size":"","price":"260","salePrice":""}],"categoryId":"lxiol8d9sr02deepfm","description":"Fried eggplants with sauce","imageUrl":"","tags":[],"allergens":[],"inStock":null},{"uid":"lxisntagyhc5i91apa","name":"Rice","options":[{"size":"","price":"100","salePrice":""}],"categoryId":"lxiriac1r3x25fscjo","description":"","imageUrl":"https://i.postimg.cc/MT22b52v/F25920-F1-CE25-42-C8-88-A0-B0-F657956-DFF.jpg","tags":[],"allergens":[],"inStock":null},{"uid":"lxisou8zbddt8nxa0m6","name":"Rustic oven-roasted potatoes","options":[{"size":"","price":"120","salePrice":""}],"categoryId":"lxiriac1r3x25fscjo","description":"","imageUrl":"","tags":[],"allergens":[],"inStock":null},{"uid":"lxispk9do80dgtlgfnq","name":"Americano","options":[{"size":"","price":"160","salePrice":""}],"categoryId":"lxirgdl0u9f2qxayaqs","description":"","imageUrl":"","tags":[],"allergens":[],"inStock":null},{"uid":"lxisqbjya80hs21frld","name":"Cappuchino","options":[{"size":"","price":"180","salePrice":""}],"categoryId":"lxirgdl0u9f2qxayaqs","description":"","imageUrl":"","tags":[],"allergens":[],"inStock":null},{"uid":"lxisr3zclpdlgx4ik6p","name":"Espresso","options":[{"size":"","price":"130","salePrice":""}],"categoryId":"lxirgdl0u9f2qxayaqs","description":"","imageUrl":"","tags":[],"allergens":[],"inStock":null},{"uid":"lxiss157b0qcpkjobjo","name":"Fruit tea","options":[{"size":"","price":"60","salePrice":""}],"categoryId":"lxirgdl0u9f2qxayaqs","description":"","imageUrl":"","tags":[],"allergens":[],"inStock":null},{"uid":"lxissk6ck9kv5c453k","name":"Black / Green tea","options":[{"size":"","price":"60","salePrice":""}],"categoryId":"lxirgdl0u9f2qxayaqs","description":"","imageUrl":"","tags":[],"allergens":[],"inStock":null},{"uid":"lxisu4mdwlwsfo37wnp","name":"Ice Cream","options":[{"size":"","price":"140","salePrice":""}],"categoryId":"lxirgkail1l221d4yk","description":"Vanilla/ Chocolate/ Strawberry ","imageUrl":"","tags":[],"allergens":[],"inStock":null},{"uid":"lxisv7hormvzo6amv8","name":"Cheesecake \" New York\"","options":[{"size":"","price":"280","salePrice":""}],"categoryId":"lxirgkail1l221d4yk","description":"","imageUrl":"","tags":[],"allergens":[],"inStock":null}],"categories":[{"uid":"lxirfr8zw0o2bvwb89","name":"STARTERS","description":""},{"uid":"lxirg1amolyh168lws","name":"MAIN COURSE","description":""},{"uid":"lxiol8d9sr02deepfm","name":"SALAD","description":""},{"uid":"lxiriac1r3x25fscjo","name":"SIDE DISHES","description":""},{"uid":"lxirgdl0u9f2qxayaqs","name":"TEA COFFEE","description":""},{"uid":"lxirgkail1l221d4yk","name":"DESSERTS","description":""}],"allergens":[],"configs":{"title":"Royal Gate Menu"},"isFromLocal":true}